X,Y,OBJECTID,source,ext_id,cat1,cat2,cat3,org_name,Name,addrln1,addrln2,city,state,hours,phones,url,info1,info2,post_id,description,zip,link,use_type,latitude,longitude,email,date_updated,dis_status,POINT_X,POINT_Y
-118.10024386724,34.0976456373161,900,211,,Emergency Response,Cooling Center,,www.asianyouthcenter.org,Asian Youth Center,100 W. Clary Ave.,,San Gabriel,CA,"Monday through Friday, 9:00am to 6:00pm. ","Case/Care Management for Pregnant and Postpartum Women Service/Intake (626) 731-1161,  Service/Intake and Administration (626) 309-0622,  FAX (626) 309-0717",www.asianyouthcenter.org,,,1061,"The agency provides health services and youth services for youth and young adults, age 6 to 18, in the San Gabriel Valley and from satellites in Los Angeles and Lancaster.",91776,http://egis3.lacounty.gov/lms/?p=1061,publish,34.09764567,-118.10024381,,2016/05/02 12:40:17+00,,6531321.74301006,1857930.65875898
-117.728518217717,34.0996740870258,944,211,,Emergency Response,Cooling Center,,www.ci.claremont.ca.us,City Of Claremont Senior Services - Joslyn Senior Center,660 N. Mountain Ave.,,Claremont,CA,"Monday through Friday, 8:00 am to 5:00 pm. ","Senior HelpLine/Housing Info Service/Intake (909) 625-4600,  Service/Intake (909) 399-5488,  FAX (909) 621-7320",www.ci.claremont.ca.us,,,1072,"The center provides advocacy, cooling center, health services, housing services, nutrition services, and services for older adults, age 55 and older, and for people who live in the City of Claremont.",91711,http://egis3.lacounty.gov/lms/?p=1072,publish,34.09967412,-117.72851816,,2016/04/27 15:55:43+00,,6643858.75481223,1858764.71220897
-118.531121085415,34.1872354961881,1913,211,,Emergency Response,Cooling Center,,www.onegeneration.org,Onegeneration - Senior Enrichment Center,18255 Victory Blvd.,,Reseda,CA,"Monday through Friday, 8:30am to 5:00pm. ","Immigration Services Appts. Service/Intake (818) 708-6380, Site phone Service/Intake (818) 996-1909,  Service/Intake and Administration (818) 705-2345",www.onegeneration.org,,,2068,"The agency provides child care, senior nutrition programs, and intergenerational services for older adults in the San Fernando Valley.",91335,http://egis3.lacounty.gov/lms/?p=2068,publish,34.18723553,-118.53112103,,2016/05/02 11:44:08+00,,6401047.64069788,1890943.27121131
-118.303890056453,33.9028699675517,1946,211,,Emergency Response,Cooling Center,,css.lacounty.gov,Los Angeles County Community And Senior Services - Asian Service Center,14112 S. Kingsley Dr.,,Gardena,CA,"Monday through Friday, 8:00 am to 5:00 pm. ","Service/Intake and Administration (310) 217-7300,  FAX (310) 516-9226",css.lacounty.gov,,,2107,"The center provides emergency food, health services, and information and referral to people who live in Los Angeles County.",90249,http://egis3.lacounty.gov/lms/?p=2107,publish,33.90287,-118.30389,,2016/04/28 09:22:12+00,,6469454.15447514,1787172.02599831
-117.804699857746,34.1072398973602,1949,211,,Emergency Response,Cooling Center,,www.cityofsandimas.com,City Of San Dimas Parks And Recreation Department - San Dimas Senior Citizen And Community Center,201 E. Bonita Ave.,,San Dimas,CA,"Monday through Friday, 8:00am to 5:00pm. ","S.H.A.R.E.S program Service/Intake (909) 394-6208,  Service/Intake (909) 394-6290",www.cityofsandimas.com,,,2108,The center provides services for older adults who live in San Dimas.,91773,http://egis3.lacounty.gov/lms/?p=2108,publish,34.10723993,-117.8046998,,2016/05/02 12:07:55+00,,6620790.20580505,1861464.49486715
-118.272623056222,33.9146759672583,2558,211,,Emergency Response,Cooling Center,,css.lacounty.gov,Los Angeles County Community And Senior Services - Willowbrook Senior Center,12915 Jarvis Ave.,,Los Angeles,CA,Monday – Friday 8:00 am – 5:00 pm,Service/Intake (310) 217-5650,http://css.lacounty.gov/service-locations/willowbrook-senior-center/,,,2797,The center provides services for older adults age 55 and older who live in the Watts/Willowbrook and South Central areas of Los Angeles.,90061,http://egis3.lacounty.gov/lms/?p=2797,publish,33.914676,-118.272623,,2016/04/28 16:16:42+00,,6478953.83166997,1791441.27730231
-118.144691787785,34.7016420857606,3103,211,,Emergency Response,Cooling Center,,css.lacounty.gov,Los Angeles County Community And Senior Services - Antelope Valley Senior Center,777 W. Jackman St.,,Lancaster,CA, Monday through Friday 8:00 am to 5:00 pm,"Lancaster Senior Center Service/Intake (661) 726-4400,  FAX (661) 940-7947",http://css.lacounty.gov/service-locations/antelope-valley-senior-center/,,,3248,The center provides services for adults 50 years and older who live in Antelope Valley.,93534,http://egis3.lacounty.gov/lms/?p=3248,publish,34.70164212,-118.14469173,,2016/04/28 13:14:11+00,,6518181.64100946,2077754.24995081
-118.04450705715,34.1311819668999,54325,211,,Emergency Response,Cooling Center,,NULL,City Of Arcadia Recreation And Community Services Department - Senior Citizen Services,365 Campus Dr.,c/o Arcadia Community Center,Arcadia,CA,"Monday through Friday, 8:30am to 4:30pm. ","Recreation Dept. FAX (626) 821-4370,  Service/Intake (626) 574-5130, Also FAX # TDD (626) 447-5854",,,,56827,The agency provides a variety of services for older adults age 50 and older who live in Arcadia and surrounding areas.,91007,http://egis3.lacounty.gov/lms/?p=56827,publish,34.131182,-118.044507,,2016/04/26 16:39:56+00,,6548201.33654739,1870123.00182831
-118.179212626559,34.0370113370474,55299,211,,Emergency Response,Cooling Center,,css.lacounty.gov,Los Angeles County Community And Senior Services - East Los Angeles Community Service Center,133 N. Sunol Dr.,,Los Angeles,CA,"Monday through Friday, 8:00 am to 5:00 pm. ","FAX (323) 266-6457,  Service/Intake (323) 260-2801,  Service/Intake and Administration (323) 260-2806",css.lacounty.gov,,,57433,The agency provides emergency food and information and referral to people who live in East Los Angeles.,90063,http://egis3.lacounty.gov/lms/?p=57433,publish,34.03701137,-118.17921257,,2016/04/28 14:01:08+00,,6507374.81058906,1835897.93970114
-118.529559976624,34.375453165877,55590,211,,Emergency Response,Cooling Center,,www.scv-seniorcenter.org,Santa Clarita Valley Senior Center,22900 Market St.,,Santa Clarita,CA,"Monday through Friday, 8:00am to 4:30pm. ","Administrative (661) 259-9444, Support Services Service/Intake (661) 255-1588,  FAX (661) 259-1647",www.scv-seniorcenter.org,,,57622,"The agency provides services for older adults age 60 and older and for disabled adults, including those with visual impairments, age 18 and older and utility bill assistance for people who live in the Santa Clarita Valley.",91321,http://egis3.lacounty.gov/lms/?p=57622,publish,34.3754532,-118.52955992,,2016/05/02 12:45:34+00,,6401880.60655163,1959435.72182456
-118.155508646407,34.1140496572164,55963,211,,Emergency Response,Cooling Center,,www.cityofsouthpasadena.us,City Of South Pasadena Community Services Department - South Pasadena Senior Center,1102 Oxley St.,,South Pasadena,CA,"Monday through Friday 8:00 am to 5:00 pm; Closed holidays","Transportation Service/Intake (626) 403-7368,  Administrative (626) 403-7364,  Service/Intake (626) 403-7360",www.cityofsouthpasadena.us,,,57923,"The agency provides nutrition programs, services for older adults, and transportation for South Pasadena residents age 55 and older.",91030,http://egis3.lacounty.gov/lms/?p=57923,publish,34.11404969,-118.15550859,,2016/05/02 13:25:16+00,,6514599.70361955,1863921.66514964
-118.001925056497,34.1494279668273,56025,211,,Emergency Response,Cooling Center,,www.ci.monrovia.ca.us/community-life/recreation,City Of Monrovia Department Of Community Services - Recreation Division - Monrovia Community Center,119 W. Palm Ave.,,Monrovia,CA,"Monday - Thursday 8:00 am to 9:00 pm; Friday 8:00 am to 5:00 pm",Service/Intake (626) 256-8246,,,,57980,The agency provides recreational programs for people of all ages who live in Monrovia and the surrounding areas.,91016,http://egis3.lacounty.gov/lms/?p=57980,publish,34.149428,-118.001925,,2016/04/28 16:39:54+00,,6561087.89837264,1876760.08008955
-118.318203126009,33.8353252869046,56590,211,,Emergency Response,Cooling Center,,www.torranceca.gov/,City Of Torrance - Senior Citizens Centers - Bartlett Senior Citizens Center,1318 Cravens Ave.,,Torrance,CA,"Monday - Saturday:  8:00 am - 4:00 pm; Sunday:  12:30 pm - 4:00 pm ","Information and Referral Service/Intake (310) 320-1300,  Service/Intake (310) 320-5918",www.torranceca.gov/,,,58485,The center provides services for older adults age 50 and older who live in the Torrance area.,90501,http://egis3.lacounty.gov/lms/?p=58485,publish,33.83532532,-118.31820307,,2016/05/02 13:33:33+00,,6465033.01764813,1762604.4238869
-118.602621015836,34.2035903467692,56609,211,,Emergency Response,Cooling Center,,CIty of Los Angeles,Canoga Park Senior Center,7326 Jordan Ave.,,Canoga Park,CA,"SITE HOURS: Monday through Friday, 8:30am to 4:30pm",Service/Intake (818) 340-2633,www.laparks.org/dos/senior/senior.htm,,,58496,"The center provides a variety of services for older adults age 50 and older who live in the Canoga Park area.  Services are targeted, but not restricted, to Canoga Park area residents.",91303,http://egis3.lacounty.gov/lms/?p=58496,publish,34.20359038,-118.60262096,,2016/04/26 14:03:34+00,Not Active,6379460.41418739,1897016.93393272
-118.293846985581,33.7413339173414,56642,211,,Emergency Response,Cooling Center,,css.lacounty.gov,Los Angeles County Community And Senior Services - San Pedro Service Center,769 W. Third St.,,San Pedro,CA,"Monday through Friday, 8:00am to 5:00pm. ","FAX (310) 548-4880,  Service/Intake (310) 519-6091,  Service/Intake and Administration (310) 519-6094",,,,58513,"The center provides adult education, emergency food, information and referral and services for older adults in the Harbor area.",90731,http://egis3.lacounty.gov/lms/?p=58513,publish,33.74133395,-118.29384693,,2016/05/02 12:43:35+00,,6472329.8875688,1728375.96511298
-117.714529078019,34.0883821969984,56654,211,,Emergency Response,Cooling Center,,www.ci.claremont.ca.us,City Of Claremont Senior Services - Blaisdell Park Senior Citizen Program,440 S. College,,Claremont,CA,"Monday through Friday, 10:00am to 2:00pm. ",Service/Intake (909) 399-5367,www.ci.claremont.ca.us,,,58519,"The center provides advocacy, cooling center, health services, housing services, nutrition services, and services for older adults, age 55 and older, and for people who live in the City of Claremont.",91711,http://egis3.lacounty.gov/lms/?p=58519,publish,34.08838223,-117.71452902,,2016/04/27 15:34:34+00,,6648105.48746046,1854667.13083723
-118.253000576432,34.1432740869787,56657,211,,Emergency Response,Cooling Center,,www.ci.glendale.ca.us,City Of Glendale Community Services And Parks Department - Senior Programs - Adult Recreation Center,201 E. Colorado Street,,Glendale,CA,"Monday through Thursday, 8:00 am to 8:00 pm; Friday through Saturday, 8:00 am to 4:00 pm",Service/Intake (818) 548-3775,http://www.glendaleca.gov/government/departments/community-services-parks/parks-facilities-historic-sites/adult-recreation-center-,,,58520,"The center provides advocacy, health services, legal services, nutrition programs, recreational programs and services for older adults, age 60 and older, who live primarily in Glendale.",91205,http://egis3.lacounty.gov/lms/?p=58520,publish,34.14327412,-118.25300052,,2016/04/28 11:13:51+00,,6485116.8600263,1874616.90360165
-118.164387056134,34.0404159670421,56826,211,,Emergency Response,Cooling Center,,Los Angeles County Community And Senior Services,Los Angeles County Community And Senior Services - Centro Maravilla Service Center,4716 E. Cesar E. Chavez Ave.,,Los Angeles,CA,"Monday - Friday 8:00 am - 5:00 pm
","Service/Intake (323) 260-2804,  Service/Intake (323) 260-2805,  FAX (323) 780-7986",http://css.lacounty.gov/service-locations/centro-maravilla-service-center/,,,58632,The center provides emergency food and information and referral for residents of Los Angeles County.,90022,http://egis3.lacounty.gov/lms/?p=58632,publish,34.040416,-118.164387,,2016/04/28 13:52:40+00,,6511868.49320272,1837129.27319647
-118.046567347286,34.0470046972358,56876,211,,Emergency Response,Cooling Center,,www.ci.south-el-monte.ca.us,City Of South El Monte Community Services Department - South El Monte Senior Center,1556 Central Ave.,,South El Monte,CA,"Monday - Friday 8:00 am - 5:00 pm; July and August Saturday 10:00 am - 2:00 pm",Service/Intake (626) 448-0131,www.ci.south-el-monte.ca.us,,,58662,"The center provides health services, nutrition programs, services for older adults and transportation for older adults who reside in South El Monte.",91733,http://egis3.lacounty.gov/lms/?p=58662,publish,34.04700473,-118.04656729,,2016/05/02 13:02:35+00,,6547563.64819022,1839489.58737348
-118.067644136821,33.9643410567848,56887,211,,Emergency Response,Cooling Center,,css.lacounty.gov,Los Angeles County Community And Senior Services - Los Nietos Community And Senior Center,11640 E. Slauson Ave.,,Whittier,CA,"Monday through Friday, 8:00 am to 5:00 pm ",Service/Intake (562) 699-9898,http://css.lacounty.gov/service-locations/los-nietos-community-and-senior-center/,,,58669,"The center provides emergency food, information and referral, a nutrition program and recreational programs for people who live in unincorporated Whittier and the surrounding areas.",90606,http://egis3.lacounty.gov/lms/?p=58669,publish,33.96434109,-118.06764408,,2016/05/02 13:46:40+00,,6541158.59079039,1809410.23513073
-118.148437056718,34.1478816064737,56891,211,,Emergency Response,Cooling Center,,www.pasadenaseniorcenter.org,Pasadena Senior Center,85 East Holly Street,,Pasadena,CA,"SITE HOURS: Monday through Friday, 8:00am to 4:30pm; Saturday, 8:30am to 3:00pm; Sunday, 8:00am to 12:00pm. ","Service/Intake and Administration (626) 795-4331, Vehicle Donation Program Service/Intake (626) 685-6755",www.pasadenaseniorcenter.org,,,58671,"The center provides legal services and services for older adults, primarily for San Gabriel Valley residents age 50 and older.  The Pasadena Senior Center is located at Pasadena Memorial Park.",91103,http://egis3.lacounty.gov/lms/?p=58671,publish,34.14788164,-118.148437,,2016/05/02 10:37:26+00,,6516758.37023397,1876230.48502015
-117.904753057055,34.1346229667141,56926,211,,Emergency Response,Cooling Center,,www.ci.azusa.ca.us,City Of Azusa Recreation And Family Services Department - Azusa Senior Center,740 N. Dalton Ave.,,Azusa,CA,"Mon -Thur 8:30 am - 4  pm
Fri 8:30 am - 1:30 pm

When local temperatures reach 100 degrees, open as cooling center on Sundays between 10 am - 4 pm
","FAX (626) 969-5611,  Service/Intake (626) 812-5204",www.ci.azusa.ca.us,,,58694,"The center provides nutrition programs for adults 60 years and older, services for older adults 50 years and older and volunteer opportunities for individuals who live in the Azusa area.",91702,http://egis3.lacounty.gov/lms/?p=58694,publish,34.134623,-117.904753,,2016/04/26 16:50:09+00,,6590493.38811797,1871385.92121848
-118.080874326039,33.9034152472097,56964,211,,Emergency Response,Cooling Center,,www.ci.norwalk.ca.us,City Of Norwalk Social Services Department - Norwalk Senior Center,14040 San Antonio Dr.,,Norwalk,CA,"Monday through Friday, 8:00am to 7:00pm; Saturday, 8:00am to 5:00pm","Service/Intake (562) 929-5580,  FAX (562) 929-5532",www.ci.norwalk.ca.us,,,58722,The center provides services for older adults age 50 and older who reside in Norwalk and surrounding communities.,90650,http://egis3.lacounty.gov/lms/?p=58722,publish,33.90341528,-118.08087427,,2016/05/02 10:12:10+00,,6537128.95810163,1787240.94482373
-118.153936056397,33.9287699675986,56977,211,,Emergency Response,Cooling Center,,City of Downey,Barbara J. Riley Community And Senior Center,7810 Quill Dr.,,Downey,CA,"Monday, 8:00 am to 6:00 pm; Tuesday, Wednesday, Thursday, 8:00 am to 9:00 pm; Friday, 8:00 am - 5:00 pm; Saturday, 10:00 am to 2:00 pm. ","Southern CA Rehabilitation Svc Service/Intake (562) 862-6531 Ext.1,  Administrative (562) 861-9833, Angeles Girl Scouts - Downey Administrative (562) 869-5177, Senior Center Service/Intake and Administration (562) 904-7223,  Service/Intake and Administrat",http://www.downeyca.org/services/cs/ss/center/,,,58734,"The center provides services for older adults, 50 years and older, who live in the Downey area.",90242,http://egis3.lacounty.gov/lms/?p=58734,publish,33.92877,-118.153936,,2016/04/27 16:38:29+00,,6514972.45057747,1796493.99062206
-118.128361056889,34.0657749671915,56983,211,,Emergency Response,Cooling Center,,www.ci.monterey-park.ca.us,City Of Monterey Park Recreation And Community Services - Langley Senior Center,400 W. Emerson Ave.,,Monterey Park,CA,"Monday through Friday, 8:00am to 5:00pm. ",Service/Intake (626) 307-1395,,,,58739,The center provides services for older adults who live in Monterey Park.,91754,http://egis3.lacounty.gov/lms/?p=58739,publish,34.065775,-118.128361,,2016/05/02 10:05:49+00,,6522794.52154747,1846342.00575523
-118.034159506437,33.972038867374,57407,211,,Emergency Response,Cooling Center,,www.cityofwhittier.org,"City Of Whittier Parks, Recreation And Community Services Department - Senior Citizens Center",13225 Walnut St.,,Whittier,CA,"Monday through Friday, 8:00am to 5:00pm; and Sunday, 12:00pm to 4:00pm. ","Information and Referral Program Service/Intake (562) 567-9476,  Service/Intake and Administration (562) 567-9470,  FAX (562) 464-3576",www.cityofwhittier.org,,,59050,"The department administers information and referral, health and fitness, recreational programs, services for older adults, services for people with disabilities and youth services to the community of Whittier.",90602,http://egis3.lacounty.gov/lms/?p=59050,publish,33.9720389,-118.03415945,,2016/05/02 14:31:17+00,,6551313.09902464,1812206.49102114
-118.18571070653,33.942713396854,57425,211,,Emergency Response,Cooling Center,,www.cityofsouthgate.org,City Of South Gate Parks And Recreation Department - Margaret Travis Senior Center,4855 Tweedy Blvd.,,South Gate,CA,Monday through Friday 8:00 am to 5:00 pm,Senior Citizen Clubhouse Service/Intake (323) 357-9662,www.cityofsouthgate.org,,,59066,The department provides a variety of recreational programs for people of all ages who live in South Gate and neighboring communities.  The senior center is located at South Gate Park.,90280,http://egis3.lacounty.gov/lms/?p=59066,publish,33.94271343,-118.18571065,,2016/05/02 13:18:58+00,,6505342.7073698,1801584.59067707
-117.739553207685,34.0486587375118,57559,211,,Emergency Response,Cooling Center,,www.ci.pomona.ca.us/city_departments/community_services,City Of Pomona Community Services Department - Recreation Division - Washington Park Community Center,865 E. Grand Ave.,,Pomona,CA,"Community Center hours are Monday through Friday, 10:00am to 5:00pm.  Park hours are Monday through Sunday, daylight hours. ",Service/Intake (909) 620-2305,www.ci.pomona.ca.us/city_departments/community_services,,,59122,The department provides recreational programs which offer a variety of services for residents of Pomona.,91766,http://egis3.lacounty.gov/lms/?p=59122,publish,34.04865877,-117.73955315,,2016/05/02 11:36:46+00,,6640566.13442896,1840190.47475123
-117.782669607025,34.0490053871566,57562,211,,Emergency Response,Cooling Center,,www.ci.pomona.ca.us/city_departments/community_services,City Of Pomona Community Services Department - Recreation Division - Westmont Park Community Center,1808 W. Ninth St.,,Pomona,CA,"Community Center hours are Monday through Friday, 12:00pm to 5:00pm.  Park hours are Monday through Sunday, daylight hours. ",Service/Intake (909) 620-2307,www.ci.pomona.ca.us/city_departments/community_services,,,59124,The department provides recreational programs which offer a variety of services for residents of Pomona.,91766,http://egis3.lacounty.gov/lms/?p=59124,publish,34.04900542,-117.78266955,,2016/05/02 11:38:50+00,,6627504.85805814,1840285.58545339
-118.403337056293,34.0139089666256,57590,211,,Emergency Response,Cooling Center,,www.culvercity.org/Government/PRCS.aspx,"City Of Culver City Parks, Recreation And Community Services - Culver City Senior Center",4095 Overland Ave.,,Culver City,CA,"SITE HOURS: Monday through Friday, 9:00 am to 5:00 pm; Saturday and Sunday, 12:00 noon to 4:00 pm. ","Shared Housing Service/Intake (323) 650-7988,  FAX (310) 253-6711,  Service/Intake and Administration (310) 253-6700,  TDD (310) 253-6736, Congregate Meals Service/Intake (310) 253-6726, Home Delivered Meals Service/Intake (310) 253-6712, Computer Classes",www.culvercity.org/Government/PRCS.aspx,,,59145,"The department provides child care services, information and referral, recreational programs, services for older adults and youth services for people who live in Culver City and the surrounding areas.",90232,http://egis3.lacounty.gov/lms/?p=59145,publish,34.013909,-118.403337,,2016/04/27 16:32:51+00,,6439439.0025633,1827687.35540056
-118.129238056485,33.9389839671024,58409,211,,Emergency Response,Cooling Center,,www.downeylibrary.org,Downey City Library,11121 Brookshire Ave.,,Downey,CA,"Monday through Thursday, 10:00 am to 8:00 pm; Friday and Saturday, 10:00 am to 5:00 pm. ","FAX (562) 923-3763,  Service/Intake (562) 904-7360",www.downeylibrary.org,,,59877,The facility provides library services for the city of Downey.,90241,http://egis3.lacounty.gov/lms/?p=59877,publish,33.938984,-118.129238,,2016/04/28 09:03:20+00,,6522469.58715796,1800200.53635857
-118.13787195643,34.1896315167819,59207,211,,Emergency Response,Cooling Center,,LA County,Altadena Senior Center,560 E. Mariposa St.,,Altadena,CA,"Monday through Friday, 8:00 am - 5:00 pm",Service/Intake (626) 798-0505,www.ywcasgv.org,,,60511,"The program provides services for adults 60 years and older who live in the San Gabriel Valley and Pomona Valley. Some of the sites also act as cooling centers during the hot summer months.  Services are targeted, but not restricted, to San Gabriel Valley and Pomona Valley residents.",91001,http://egis3.lacounty.gov/lms/?p=60511,publish,34.18963155,-118.1378719,,2016/04/26 16:35:58+00,,6519975.84509823,1891419.46907781
-117.764139257233,34.1118284474252,59216,211,,Emergency Response,Cooling Center,,City of La Verne,La Verne Community Center,3680 D St.,,La Verne,CA,"Monday through Thursday, 8:00 am to 6:00 pm; Friday, 8:00 am to 4:00 pm","Service/Intake and Administration (909) 596-8700,  Service/Intake (909) 596-8778",www.ywcasgv.org,,,60518,The program provides services for adults 60 years and older who live in the San Gabriel Valley and Pomona Valley.,91750,http://egis3.lacounty.gov/lms/?p=60518,publish,34.11182848,-117.7641392,,2016/05/02 15:28:49+00,,6633064.4814533,1863160.68307582
-117.960967516697,34.0022620168901,59218,211,,Emergency Response,Cooling Center,,www.ywcasgv.org,Steinmetz Park Senior Center - Hacienda Heights,1545 S. Stimson Ave.,,Hacienda Heights,CA,"Monday through Friday, 8:00 am to 5:00 pm. ",Service/Intake (626) 934-7041,www.ywcasgv.org,,,60519,The program provides services for adults 60 years and older who live in the San Gabriel Valley and Pomona Valley.,91745,http://egis3.lacounty.gov/lms/?p=60519,publish,34.00226205,-117.96096746,,2016/04/28 11:34:36+00,,6573500.8230218,1823205.86272314
-117.872607157325,34.0968588572105,59224,211,,Emergency Response,Cooling Center,,www.ywcasgv.org,YWCA Of San Gabriel Valley Intervale Senior Services,943 N Grand Ave,,Covina,CA,"Monday through Friday, 9:00 am to 5:00 pm. ","FAX (626) 814-0447,  Administration (626) 960-2995,  Service/Intake (626) 214-9465",www.ywcasgv.org,,,60524,The program provides services for adults 60 years and older who live in the San Gabriel Valley and Pomona Valley.,91724,http://egis3.lacounty.gov/lms/?p=60524,publish,34.09685889,-117.8726071,,2016/04/27 16:28:07+00,,6600238.5963178,1857653.64553347
-118.343297055652,33.8376439670473,59552,211,,Emergency Response,Cooling Center,,www.torranceca.gov/Library/,Torrance Public Library - Katy Geissert Civic Center Library,3301 Torrance Blvd.,,Torrance,CA,"<br />
Monday-Thursday: 10:00 am to 9:00 pm <br />
Friday: 10:00 am to 6:00 pm <br />
Saturday: 10:00 am to 5:30 pm <br />
Sunday: 1:00 pm to 5:00 pm September through June <br />",Service/Intake (310) 618-5959,www.torranceca.gov/Library/,,,60801,These are public libraries for the city of Torrance.,90503,http://egis3.lacounty.gov/lms/?p=60801,publish,33.837644,-118.343297,,2016/05/02 09:25:05+00,,6457414.97710997,1763473.32273965
-118.192799056384,33.8963599672221,59748,211,,Emergency Response,Cooling Center,,css.lacounty.gov,Los Angeles County Community And Senior Services - East Rancho Dominguez Service Center,4513 E. Compton Blvd.,,Compton,CA,"Monday through Friday, 8:00 am to 5:00 pm. ","Service/Intake and Administration (310) 603-7401,  FAX (310) 763-1372",css.lacounty.gov,,,60908,"This center provides community services, emergency food, nutrition programs, services for older adults and utility bill assistance to people who live in Compton, Paramount and the East Rancho Dominguez area.",90221,http://egis3.lacounty.gov/lms/?p=60908,publish,33.89636,-118.192799,,2016/04/27 16:19:41+00,,6503160.39775805,1784719.60209739
-118.032324057251,34.1286189670882,59974,211,,Emergency Response,Cooling Center,,library.ci.arcadia.ca.us,City Of Arcadia Public Library,20 W. Duarte Rd.,,Arcadia,CA,"SITE HOURS: Monday through Thursday, 10:00am to 9:00pm; Friday and Saturday, 10:00am to 6:00pm. ","Recorded information Service/Intake (626) 821-5567, Children's Room Service/Intake (626) 821-5566, Reference Service/Intake (626) 821-5569, TDD Reference TDD (626) 821-1996",library.ci.arcadia.ca.us,,,61139,This is a public library for the city of Arcadia.,91006,http://egis3.lacounty.gov/lms/?p=61139,publish,34.128619,-118.032324,,2016/04/26 16:42:05+00,,6551887.9331768,1869188.87016639
-118.306410056251,34.1838659670583,59980,211,,Emergency Response,Cooling Center,,www.burbank.lib.ca.us,City Of Burbank Public Library - Burbank Central Library,110 N. Glenoaks Blvd.,,Burbank,CA," Monday - Thursday 9:30 am - 9:00 pm; Friday 9:30 am - 6:00 pm; Saturday 10:00 am - 6:00 pm","Administrative (818) 238-5551,  FAX (818) 238-5553, General Information Service/Intake (818) 238-5600, Adult Reference Services Service/Intake (818) 238-5580, Audio Visual Services Service/Intake (818) 238-5590, Children's Services Service/Intake (818) 23",www.burbank.lib.ca.us,,,61142,This is a public library for the city of Burbank.,91502,http://egis3.lacounty.gov/lms/?p=61142,publish,34.183866,-118.30641,,2016/04/27 14:21:30+00,,6469001.17473805,1889433.92777331
-118.002264446739,34.1486893273016,60000,211,,Emergency Response,Cooling Center,,www.monroviapubliclibrary.org,Monrovia Public Library,321 S Myrtle Ave,,Monrovia,CA,"Monday through Wednesday 10:00 am to 8:00 pm; Thursday through Saturday 12:00 pm to 5:00 pm","FAX (626) 256-8255,  Service/Intake (626) 256-8274",www.monroviapubliclibrary.org,,,61159,This is a public library for the city of Monrovia.,91016,http://egis3.lacounty.gov/lms/?p=61159,publish,34.14868936,-118.00226439,,2016/04/28 16:42:57+00,,6560985.20632081,1876491.27780564
-118.155799766557,34.1142066868041,60016,211,,Emergency Response,Cooling Center,,www.ci.south-pasadena.ca.us/library/,South Pasadena Public Library,1100 Oxley Street,,South Pasadena,CA,"<br />
Monday - Wednesday:  11:00 am to 9:00 pm <br />
Thursday - Friday:  10:00 am to 6:00 pm <br />
Saturday:  10:00 am to 5:00 pm <br />
Sunday:  1:00 pm to 5:00 pm <br />","General Information Service/Intake (626) 403-7333,  FAX (626) 403-7331, Circulation Service/Intake (626) 403-7340, Children's Department Service/Intake (626) 403-7358, Reference Service/Intake (626) 403-7350, Administration Service/Intake (626) 403-7330, ",www.ci.south-pasadena.ca.us/library/,,,61167,This is a public library for the city of South Pasadena.,91030,http://egis3.lacounty.gov/lms/?p=61167,publish,34.11420672,-118.15579971,,2016/05/02 09:29:12+00,,6514511.67361189,1863978.9475154
-117.90508605672,34.1343189666576,60707,211,,Emergency Response,Cooling Center,,www.ci.azusa.ca.us/library,Azusa City Library,729 N. Dalton Ave.,,Azusa,CA,"Mon - Wed 10 am - 9 pm
Thur 10 am - 6 pm
Fri - Sat 10 am - 5 pm
","FAX (626) 334-4868,  Service/Intake (626) 812-5232",www.ci.azusa.ca.us/library,,,61388,This is the public library for the city of Azusa and it is also a cooling center for people who do not have air conditioning.,91702,http://egis3.lacounty.gov/lms/?p=61388,publish,34.134319,-117.905086,,2016/04/26 16:47:03+00,,6590392.7223088,1871275.19473389
-118.137832056284,34.1892459663833,62262,211,,Emergency Response,Cooling Center,,,Los Angeles County Community And Senior Services - Altadena Senior Center,560 E Mariposa St,,Altadena,CA,"Monday – Friday 8:00 a.m. – 5:00 p.m.
", Phone: 626-798-4971 Fax: 626-794-6742,http://css.lacounty.gov,,,70027,"The Altadena Senior Center is a community focal point where seniors come together for services, programs and activities that enhance their dignity, promote their independence and encourage their involvement in and with the community. Persons 50 and over are eligible for all Center programs.",91001,http://egis3.lacounty.gov/lms/?p=70027,publish,34.189246,-118.137832,,2016/04/26 14:06:34+00,,6519987.71909022,1891279.14389914
-118.248078455858,33.9677438673984,62539,211,,Emergency Response,Cooling Center,,,Los Angeles County Community And Senior Services - Florence - Firestone Service Center,7807 Compton Ave,,Los Angeles,CA,"Monday through Friday, 8:00am to 5:00pm. ","Service/Intake (323) 846-1895, GAF/EAF Program Service/Intake (323) 586-6502,  FAX (323) 582-4071,  Service/Intake (323) 586-6502",http://css.lacounty.gov/service-locations/florencefirestone-service-center/,,,70273,"Florence/Firestone Community Center is a multi-purpose facility designed to provide comprehensive human services to residents of the Los Angeles County in partnership with communities, businesses, and public and private agencies. The following programs and services offered at the center include but not limited to: case management, information and referral, completion of forms, interpretation, advocacy, consumer education, job referrals, elderly care services, emergency food assistance, mediation and conflict resolution, transportation assistance, utility assistance and assistance with housing applications online.",90001,http://egis3.lacounty.gov/lms/?p=70273,publish,33.9677439,-118.2480784,,2016/04/26 16:23:42+00,,6486448.55191672,1810734.51069739
-118.087654856656,33.9901641669529,62580,211,,Emergency Response,Cooling Center,,,City Of Pico Rivera Parks And Recreation Department - Pico Rivera Senior Center,9200 Mines Ave,,Pico Rivera,CA,"Monday through Thursday, 8:00 am to 5:00 pm; Friday, 8:00 am to 3:00 pm;  If local temperatures reach 100 degrees, the Pico Rivera Senior Center will remain open until 8:00 pm Monday through Thursday.","Senior Center Service/Intake and Administration (562) 948-4844,  FAX (562) 801-4306",http://www.ci.pico-rivera.ca.us,,,70290,The center provides services for older adults who live in Pico Rivera and surrounding communities.,90660,http://egis3.lacounty.gov/lms/?p=70290,publish,33.9901642,-118.0876548,,2016/05/19 11:35:11+00,,6535098.92869714,1818812.49257289
-118.33054535613,34.1634107665989,62850,211,,Emergency Response,Cooling Center,,,City Of Burbank Public Library - Buena Vista Branch Library,300 N Buena Vista St,,Burbank,CA,"Monday - Thursday 10:00 am - 9:00 pm, Friday 10:00 am - 6:00 pm, Saturday 10:00 am - 5:00 pm, Sunday 1:00 pm - 5:00 pm
There is no telephone service on Sunday. ","Adult Reference Services Service/Intake (818) 238-5625, Children's Services Service/Intake (818) 238-5630,  FAX (818) 238-5623,  Service/Intake (818) 238-5620",www.burbank.lib.ca.us,,,70432,This is a public library for the city of Burbank.,91505,http://egis3.lacounty.gov/lms/?p=70432,publish,34.1634108,-118.3305453,,2016/04/27 13:29:49+00,,6461677.35834897,1882013.07647331
-118.07845551652,33.8879558169943,62974,211,,Emergency Response,Cooling Center,,,LA County Library - Alondra Library,11949 Alondra Blvd,,Norwalk,CA,"<br />
Monday: Closed<br />
Tuesday: 12 - 8 pm <br />
Wednesday: 12 - 8 pm <br />
Thursday: 10 am - 6 pm <br />
Friday: 10 am - 6 pm<br />
Saturday: 9 am - 5 pm<br />
Sunday: Closed <br />",562.868.7771,https://lacountylibrary.org/alondra-library/,,,70485,"Founded in 1912, LA County Library is one of the largest and most innovative library systems in the US. It offers free public resources including books, music, multimedia materials, computer and internet access, and educational and recreational services to 3.4 million residents across 3,000 square miles through its 87 libraries and mobile fleet of 18 vehicles, including 3 bookmobiles, 10 MākMō maker mobiles, and 5 Reading Machines. LA County Library is dedicated to reducing barriers and increasing access to and equity of public services for all. To learn more, visit <a href=""http://lacountylibrary.org/"" target=""_blank"" rel=""noopener noreferrer"" data-auth=""NotApplicable"">LACountyLibrary.org</a>.",90650,http://egis3.lacounty.gov/lms/?p=70485,publish,33.88795585,-118.07845546,,2019/01/10 11:17:41+00,,6537858.55703613,1781614.31434473
-118.133335756351,33.8487163675605,62977,211,,Emergency Response,Cooling Center,,,LA County Library - Angelo M. Iacoboni Library,4990 Clark Ave,,Lakewood,CA,"<br />
Monday: 10 am - 8 pm <br />
Tuesday: 10 am - 8 pm <br />
Wednesday: 10 am - 8 pm <br />
Thursday: 10 am - 8 pm <br />
Friday: 10 am - 6 pm <br />
Saturday: 9 am - 5 pm<br />
Sunday: 1 pm - 5 pm <br />",562.866.1777,https://lacountylibrary.org/angelo-m-iacoboni-library/,,,70486,"Founded in 1912, LA County Library is one of the largest and most innovative library systems in the US. It offers free public resources including books, music, multimedia materials, computer and internet access, and educational and recreational services to 3.4 million residents across 3,000 square miles through its 87 libraries and mobile fleet of 18 vehicles, including 3 bookmobiles, 10 MākMō maker mobiles, and 5 Reading Machines. LA County Library is dedicated to reducing barriers and increasing access to and equity of public services for all. To learn more, visit <a href=""http://lacountylibrary.org/"" target=""_blank"" rel=""noopener noreferrer"" data-auth=""NotApplicable"">LACountyLibrary.org</a>.",90712,http://egis3.lacounty.gov/lms/?p=70486,publish,33.8487164,-118.1333357,,2019/01/10 11:15:10+00,,6521183.09038714,1767351.67554723
-118.079085316005,33.8605959976599,62986,211,,Emergency Response,Cooling Center,,,LA County Library - Artesia Library,18722 Clarkdale Ave,,Artesia,CA,"<br />
Monday: Closed<br />
Tuesday: 12 - 8 pm<br />
Wednesday: 12 - 8 pm<br />
Thursday: 10 am - 6 pm<br />
Friday: 9 am - 5 pm<br />
Saturday: 9 am - 5 pm<br />
Sunday: Closed <br />",562.865.6614,https://lacountylibrary.org/artesia-library/,,,70489,"<div>Founded in 1912, LA County Library is one of the largest and most innovative library systems in the US. It offers free public resources including books, music, multimedia materials, computer and internet access, and educational and recreational services to 3.4 million residents across 3,000 square miles through its 87 libraries and mobile fleet of 18 vehicles, including 3 bookmobiles, 10 MākMō maker mobiles, and 5 Reading Machines. LA County Library is dedicated to reducing barriers and increasing access to and equity of public services for all. To learn more, visit <a href=""http://lacountylibrary.org/"" target=""_blank"" rel=""noopener noreferrer"" data-auth=""NotApplicable"">LACountyLibrary.org</a>.</div>",90701,http://egis3.lacounty.gov/lms/?p=70489,publish,33.86059603,-118.07908526,,2019/01/09 16:14:11+00,,6537659.57515064,1771657.56391706
-118.327314155473,33.3430740784329,62990,211,,Emergency Response,Cooling Center,,,LA County Library - Avalon Library,215 Sumner Ave,,Avalon,CA,"<br />
Monday: Closed<br />
Tuesday: 10 am - 6 pm<br />
Wednesday: 10 am - 6 pm<br />
Thursday: 10 am - 6 pm <br />
Friday: 10 am - 6 pm<br />
Saturday: 10 am - 6 pm<br />
Sunday: Closed <br />",310.510.1050,https://lacountylibrary.org/avalon-library/,,,70490,"<div>Founded in 1912, LA County Library is one of the largest and most innovative library systems in the US. It offers free public resources including books, music, multimedia materials, computer and internet access, and educational and recreational services to 3.4 million residents across 3,000 square miles through its 87 libraries and mobile fleet of 18 vehicles, including 3 bookmobiles, 10 MākMō maker mobiles, and 5 Reading Machines. LA County Library is dedicated to reducing barriers and increasing access to and equity of public services for all. To learn more, visit <a href=""http://lacountylibrary.org/"" target=""_blank"" rel=""noopener noreferrer"" data-auth=""NotApplicable"">LACountyLibrary.org</a>.</div>",90704,http://egis3.lacounty.gov/lms/?p=70490,publish,33.34307411,-118.3273141,,2019/01/09 16:11:42+00,,6461682.67723598,1583464.12993723
-118.276353555918,33.8320391368174,63001,211,,Emergency Response,Cooling Center,,,LA County Library - Carson Library,151 E Carson St,,Carson,CA,"<br />
Monday: 10 am - 8 pm<br />
Tuesday: 10 am - 8 pm<br />
Wednesday: 10 am - 8 pm<br />
Thursday: 10 am - 8 pm <br />
Friday: 10 am - 6 pm <br />
Saturday: 9 am - 5 pm <br />
Sunday: 1 pm - 5 pm<br />",310.830.0901,https://lacountylibrary.org/carson-library/,,,70494,"Founded in 1912, LA County Library is one of the largest and most innovative library systems in the US. It offers free public resources including books, music, multimedia materials, computer and internet access, and educational and recreational services to 3.4 million residents across 3,000 square miles through its 87 libraries and mobile fleet of 18 vehicles, including 3 bookmobiles, 10 MākMō maker mobiles, and 5 Reading Machines. LA County Library is dedicated to reducing barriers and increasing access to and equity of public services for all. To learn more, visit <a href=""http://lacountylibrary.org/"" target=""_blank"" rel=""noopener noreferrer"" data-auth=""NotApplicable"">LACountyLibrary.org</a>.",90745,http://egis3.lacounty.gov/lms/?p=70494,publish,33.83203917,-118.2763535,,2019/01/09 15:53:15+00,,6477739.28390221,1761370.92536965
-117.716001257956,34.095921047354,63015,211,,Emergency Response,Cooling Center,,,LA County Library - Claremont Library,208 N Harvard Ave,,Claremont,CA,"<br />
Monday: 10 am - 7 pm<br />
Tuesday: 10 am - 7 pm<br />
Wednesday: 10 am - 7 pm<br />
Thursday: 10 am - 7 pm <br />
Friday: 9 am - 5 pm<br />
Saturday: 9 am - 5 pm<br />
Sunday: 1 pm - 5 pm <br />",909.621.4902,https://lacountylibrary.org/claremont-library/,,,70499,"Founded in 1912, LA County Library is one of the largest and most innovative library systems in the US. It offers free public resources including books, music, multimedia materials, computer and internet access, and educational and recreational services to 3.4 million residents across 3,000 square miles through its 87 libraries and mobile fleet of 18 vehicles, including 3 bookmobiles, 10 MākMō maker mobiles, and 5 Reading Machines. LA County Library is dedicated to reducing barriers and increasing access to and equity of public services for all. To learn more, visit <a href=""http://lacountylibrary.org/"" target=""_blank"" rel=""noopener noreferrer"" data-auth=""NotApplicable"">LACountyLibrary.org</a>.",91711,http://egis3.lacounty.gov/lms/?p=70499,publish,34.09592108,-117.7160012,,2019/01/10 11:39:01+00,,6647651.98902364,1857409.38683565
-118.121903356907,33.8821538169473,63019,211,,Emergency Response,Cooling Center,,,LA County Library - Clifton M. Brakensiek Library,9945 E Flower St,,Bellflower,CA,"<br />
Monday: 10 am - 8 pm<br />
Tuesday: 10 am - 8 pm<br />
Wednesday: 10 am - 8 pm<br />
Thursday: 10 am - 6 pm <br />
Friday: 9 am - 5 pm<br />
Saturday: 9 am - 5 pm<br />
Sunday: Closed <br />",562.925.5543,https://lacountylibrary.org/clifton-m-brakensiek-library/,,,70500,"Founded in 1912, LA County Library is one of the largest and most innovative library systems in the US. It offers free public resources including books, music, multimedia materials, computer and internet access, and educational and recreational services to 3.4 million residents across 3,000 square miles through its 87 libraries and mobile fleet of 18 vehicles, including 3 bookmobiles, 10 MākMō maker mobiles, and 5 Reading Machines. LA County Library is dedicated to reducing barriers and increasing access to and equity of public services for all. To learn more, visit <a href=""http://lacountylibrary.org/"" target=""_blank"" rel=""noopener noreferrer"" data-auth=""NotApplicable"">LACountyLibrary.org</a>.",90706,http://egis3.lacounty.gov/lms/?p=70500,publish,33.88215385,-118.1219033,,2019/01/10 11:41:55+00,,6524669.28157747,1779515.97110048
-117.830834557259,33.9995767869793,63030,211,,Emergency Response,Cooling Center,,,LA County Library - Diamond Bar Library,21800 Copley Dr,,Diamond Bar,CA,"<br />
Monday: 10 am - 8 pm<br />
Tuesday: 10 am - 8 pm<br />
Wednesday: 10 am - 8 pm<br />
Thursday: 10 am - 8 pm <br />
Friday: 9 am - 5 pm<br />
Saturday: 9 am - 5 pm<br />
Sunday: Closed <br />",909.861.4978,https://lacountylibrary.org/diamond-bar-library/,,,70504,"Founded in 1912, LA County Library is one of the largest and most innovative library systems in the US. It offers free public resources including books, music, multimedia materials, computer and internet access, and educational and recreational services to 3.4 million residents across 3,000 square miles through its 87 libraries and mobile fleet of 18 vehicles, including 3 bookmobiles, 10 MākMō maker mobiles, and 5 Reading Machines. LA County Library is dedicated to reducing barriers and increasing access to and equity of public services for all. To learn more, visit <a href=""http://lacountylibrary.org/"" target=""_blank"" rel=""noopener noreferrer"" data-auth=""NotApplicable"">LACountyLibrary.org</a>.",91765,http://egis3.lacounty.gov/lms/?p=70504,publish,33.99957682,-117.8308345,,2019/01/10 11:52:16+00,,6612944.84616771,1822269.50403155
-117.978076556539,34.1381312769933,63036,211,,Emergency Response,Cooling Center,,,LA County Library - Duarte Library,1301 Buena Vista St,,Duarte,CA,"<br />
Monday: 11 am -8 pm <br />
Tuesday: 11 am - 8 pm <br />
Wednesday: 11 am - 8 pm <br />
Thursday: 11 am - 8 pm <br />
Friday: 10: am - 6 pm<br />
Saturday: 9 am - 5 pm<br />
Sunday: Closed <br />",626.358.1865,https://lacountylibrary.org/duarte-library/,,,70506,"Founded in 1912, LA County Library is one of the largest and most innovative library systems in the US. It offers free public resources including books, music, multimedia materials, computer and internet access, and educational and recreational services to 3.4 million residents across 3,000 square miles through its 87 libraries and mobile fleet of 18 vehicles, including 3 bookmobiles, 10 MākMō maker mobiles, and 5 Reading Machines. LA County Library is dedicated to reducing barriers and increasing access to and equity of public services for all. To learn more, visit <a href=""http://lacountylibrary.org/"" target=""_blank"" rel=""noopener noreferrer"" data-auth=""NotApplicable"">LACountyLibrary.org</a>.",91010,http://egis3.lacounty.gov/lms/?p=70506,publish,34.13813131,-117.9780765,,2019/01/10 11:56:23+00,,6568304.4042808,1872649.72610556
-118.159911056936,34.0340192172654,63040,211,,Emergency Response,Cooling Center,,,LA County Library - East Los Angeles Library,4837 E 3rd St,,Los Angeles,CA,"<br />
Monday: 10 am - 9 pm<br />
Tuesday: 10 am - 9 pm<br />
Wednesday: 10 am - 9 pm<br />
Thursday: 10 am - 9 pm <br />
Friday: 10 am - 6 pm <br />
Saturday: 9 am - 5 pm <br />
Sunday: 1 pm - 5 pm<br />",323.264.0155,https://lacountylibrary.org/east-los-angeles-library/,,,70507,"Founded in 1912, LA County Library is one of the largest and most innovative library systems in the US. It offers free public resources including books, music, multimedia materials, computer and internet access, and educational and recreational services to 3.4 million residents across 3,000 square miles through its 87 libraries and mobile fleet of 18 vehicles, including 3 bookmobiles, 10 MākMō maker mobiles, and 5 Reading Machines. LA County Library is dedicated to reducing barriers and increasing access to and equity of public services for all. To learn more, visit <a href=""http://lacountylibrary.org/"" target=""_blank"" rel=""noopener noreferrer"" data-auth=""NotApplicable"">LACountyLibrary.org</a>.",90022,http://egis3.lacounty.gov/lms/?p=70507,publish,34.03401925,-118.159911,,2019/01/10 12:15:18+00,,6513220.81431697,1834799.18533698
-118.035580356818,34.067072926958,63050,211,,Emergency Response,Cooling Center,,,LA County Library - El Monte Library,3224 Tyler Ave,,El Monte,CA,"<br />
Monday: 10 am - 8 pm<br />
Tuesday: 10 am - 8 pm<br />
Wednesday: 10 am - 8 pm<br />
Thursday: 10 am - 8 pm <br />
Friday: 9 am - 5 pm<br />
Saturday: 9 am - 5 pm<br />
Sunday: 1 pm - 5 pm <br />",626.444.9506,https://lacountylibrary.org/el-monte-library/,,,70510,"<div>Founded in 1912, LA County Library is one of the largest and most innovative library systems in the US. It offers free public resources including books, music, multimedia materials, computer and internet access, and educational and recreational services to 3.4 million residents across 3,000 square miles through its 87 libraries and mobile fleet of 18 vehicles, including 3 bookmobiles, 10 MākMō maker mobiles, and 5 Reading Machines. LA County Library is dedicated to reducing barriers and increasing access to and equity of public services for all. To learn more, visit <a href=""http://lacountylibrary.org/"" target=""_blank"" rel=""noopener noreferrer"" data-auth=""NotApplicable"">LACountyLibrary.org</a>.</div>",91731,http://egis3.lacounty.gov/lms/?p=70510,publish,34.06707296,-118.0355803,,2019/01/10 15:10:40+00,,6550894.53391689,1846791.4444889
-118.103278096093,33.8464260075231,63061,211,,Emergency Response,Cooling Center,,,"LA County Library - George Nye, Jr. Library",6600 Del  Amo Blvd,,Lakewood,CA,"<br />
Monday: Closed<br />
Tuesday: 10 am - 8 pm<br />
Wednesday: 10 am - 8 pm<br />
Thursday: 10 am - 8 pm <br />
Friday: 8 am - 6 pm<br />
Saturday: 8 am - 6 pm<br />
Sunday Closed <br />",562.421.8497,https://lacountylibrary.org/george-nye-jr-library/,,,70513,"<div>Founded in 1912, LA County Library is one of the largest and most innovative library systems in the US. It offers free public resources including books, music, multimedia materials, computer and internet access, and educational and recreational services to 3.4 million residents across 3,000 square miles through its 87 libraries and mobile fleet of 18 vehicles, including 3 bookmobiles, 10 MākMō maker mobiles, and 5 Reading Machines. LA County Library is dedicated to reducing barriers and increasing access to and equity of public services for all. To learn more, visit <a href=""http://lacountylibrary.org/"" target=""_blank"" rel=""noopener noreferrer"" data-auth=""NotApplicable"">LACountyLibrary.org</a>.</div>",90713,http://egis3.lacounty.gov/lms/?p=70513,publish,33.84642604,-118.10327804,,2019/01/10 15:20:22+00,,6530309.2066493,1766507.41411239
-118.077993726062,33.8312591177536,63070,211,,Emergency Response,Cooling Center,,,LA County Library - Hawaiian Gardens Library,11940 Carson St,,Hawaiian Gardens,CA,"<br />
Monday: Closed<br />
Tuesday: 12 - 8 pm<br />
Wednesday: 12 - 8 pm<br />
Thursday: 10 am - 6 pm <br />
Friday: 9 am - 5 pm<br />
Saturday: 9 am - 5 pm<br />
Sunday: Closed <br />",562.496.1212,https://lacountylibrary.org/hawaiian-gardens-library/,,,70516,"Founded in 1912, LA County Library is one of the largest and most innovative library systems in the US. It offers free public resources including books, music, multimedia materials, computer and internet access, and educational and recreational services to 3.4 million residents across 3,000 square miles through its 87 libraries and mobile fleet of 18 vehicles, including 3 bookmobiles, 10 MākMō maker mobiles, and 5 Reading Machines. LA County Library is dedicated to reducing barriers and increasing access to and equity of public services for all. To learn more, visit <a href=""http://LACountyLibrary.org"">LACountyLibrary.org</a>.",90716,http://egis3.lacounty.gov/lms/?p=70516,publish,33.83125915,-118.07799367,,2019/01/10 11:10:15+00,,6537982.70475373,1760980.87234397
-118.443128005822,33.9828870469177,63112,211,,Emergency Response,Cooling Center,,,LA County Library - Lloyd Taber-Marina Del Rey Library,4533 Admiralty Way,,Marina Del Rey,CA,"<br />
Monday: 11 am - 7 pm<br />
Tuesday: 10 am - 8 pm<br />
Wednesday: 10 am - 8 pm<br />
Thursday: 10 am - 8 pm <br />
Friday: 10 am - 6 pm<br />
Saturday: 9 am -5 pm<br />
Sunday: Closed <br />",310.821.3415,https://lacountylibrary.org/lloyd-taber-marina-del-rey-library/,,,70534,"Founded in 1912, LA County Library is one of the largest and most innovative library systems in the US. It offers free public resources including books, music, multimedia materials, computer and internet access, and educational and recreational services to 3.4 million residents across 3,000 square miles through its 87 libraries and mobile fleet of 18 vehicles, including 3 bookmobiles, 10 MākMō maker mobiles, and 5 Reading Machines. LA County Library is dedicated to reducing barriers and increasing access to and equity of public services for all. To learn more, visit <a href=""http://LACountyLibrary.org"" target=""_blank"" rel=""noopener noreferrer"" data-auth=""NotApplicable""> LACountyLibrary.org</a>.",90292,http://egis3.lacounty.gov/lms/?p=70534,publish,33.98288708,-118.44312795,,2019/01/10 14:57:32+00,,6427330.65604514,1816448.72400647
-118.410444855929,33.8868158772488,63129,211,,Emergency Response,Cooling Center,,County of Los Angeles Public Library,LA County Library - Manhattan Beach Library,1320 Highland Ave,,Manhattan Beach,CA,"<br />
Monday 10 am - 9 pm<br />
Tuesday 10 am - 9 pm<br />
Wednesday 10 am - 9pm<br />
Thursday 10 am - 6 pm<br />
Friday 12 pm - 6 pm<br />
Saturday 10 am- 5 pm<br />
Sunday 1 -5 pm<br />",310.545.8595,https://lacountylibrary.org/manhattan-beach-library/,,,70539,"Founded in 1912, LA County Library is one of the largest and most innovative library systems in the US. It offers free public resources including books, music, multimedia materials, computer and internet access, and educational and recreational services to 3.4 million residents across 3,000 square miles through its 87 libraries and mobile fleet of 18 vehicles, including 3 bookmobiles, 10 MākMō maker mobiles, and 5 Reading Machines. LA County Library is dedicated to reducing barriers and increasing access to and equity of public services for all. To learn more, visit <a href=""http://LACountyLibrary.org"" target=""_blank"" rel=""noopener noreferrer"" data-auth=""NotApplicable""> LACountyLibrary.org</a>.",90266,http://egis3.lacounty.gov/lms/?p=70539,publish,33.88681591,-118.4104448,,2019/01/10 13:32:43+00,,6437096.1352018,1781444.50497305
-118.069357916932,33.9166734576657,63143,211,,Emergency Response,Cooling Center,,,LA County Library - Norwalk Library,12350 Imperial Hwy,,Norwalk,CA,"<br />
Monday: 10 am - 8 pm<br />
Tuesday: 10 am - 8 pm<br />
Wednesday: 10 am - 8 pm<br />
Thursday: 10 am - 8 pm <br />
Friday: 10 am - 6 pm<br />
Saturday: 9 am - 5 pm<br />
Sunday: Closed <br />",562.868.0775,https://lacountylibrary.org/norwalk-library/,,,70544,"Founded in 1912, LA County Library is one of the largest and most innovative library systems in the US. It offers free public resources including books, music, multimedia materials, computer and internet access, and educational and recreational services to 3.4 million residents across 3,000 square miles through its 87 libraries and mobile fleet of 18 vehicles, including 3 bookmobiles, 10 MākMō maker mobiles, and 5 Reading Machines. LA County Library is dedicated to reducing barriers and increasing access to and equity of public services for all. To learn more, visit <a href=""http://LACountyLibrary.org"" target=""_blank"" rel=""noopener noreferrer"" data-auth=""NotApplicable""> LACountyLibrary.org</a>.",90650,http://egis3.lacounty.gov/lms/?p=70544,publish,33.91667349,-118.06935786,,2019/01/10 13:20:34+00,,6540626.9517618,1792063.30066456
-118.161018356845,33.8858052471934,63150,211,,Emergency Response,Cooling Center,,,LA County Library - Paramount Library,16254 Colorado Ave,,Paramount,CA,"<br />
Monday: Closed<br />
Tuesday: 10 am - 8 pm<br />
Wednesday: 10 am - 8 pm<br />
Thursday: 10 am - 6 pm <br />
Friday: 10 am - 6 pm<br />
Saturday: 9 pm - 5 pm<br />
Sunday: Closed <br />",562.630.3171,https://lacountylibrary.org/paramount-library/,,,70546,"Founded in 1912, LA County Library is one of the largest and most innovative library systems in the US. It offers free public resources including books, music, multimedia materials, computer and internet access, and educational and recreational services to 3.4 million residents across 3,000 square miles through its 87 libraries and mobile fleet of 18 vehicles, including 3 bookmobiles, 10 MākMō maker mobiles, and 5 Reading Machines. LA County Library is dedicated to reducing barriers and increasing access to and equity of public services for all. To learn more, visit <a href=""http://LACountyLibrary.org"" target=""_blank"" rel=""noopener noreferrer"" data-auth=""NotApplicable""> LACountyLibrary.org</a>.",90723,http://egis3.lacounty.gov/lms/?p=70546,publish,33.88580528,-118.1610183,,2019/01/10 12:22:59+00,,6512798.92605314,1780861.52024664
-118.024534516792,33.9242998976958,63183,211,,Emergency Response,Cooling Center,,,LA County Library - South Whittier Library,14433 Leffingwell Rd,,Whittier,CA,"<br />
Monday: 10 am to 8 pm<br />
Tuesday: 10 am to 8 pm<br />
Wednesday: 10 am to 8 pm<br />
Thursday: 10 am to 6 pm <br />
Friday: 9 am to 5 pm<br />
Saturday: 9 am to 5 pm<br />
Sunday: Closed <br />",562.946.4415,https://lacountylibrary.org/south-whittier-library/,,,70558,"Founded in 1912, LA County Library is one of the largest and most innovative library systems in the US. It offers free public resources including books, music, multimedia materials, computer and internet access, and educational and recreational services to 3.4 million residents across 3,000 square miles through its 87 libraries and mobile fleet of 18 vehicles, including 3 bookmobiles, 10 MākMō maker mobiles, and 5 Reading Machines. LA County Library is dedicated to reducing barriers and increasing access to and equity of public services for all. To learn more, visit <a href=""http://LACountyLibrary.org"" target=""_blank"" rel=""noopener noreferrer"" data-auth=""NotApplicable""> LACountyLibrary.org</a>.",90604,http://egis3.lacounty.gov/lms/?p=70558,publish,33.92429993,-118.02453446,,2019/01/10 11:21:39+00,,6554227.1804668,1794832.38436523
-118.799099505295,34.1444754362802,63203,211,,Emergency Response,Cooling Center,,,LA County Library - Westlake Village Library,31220 Oak Crest Dr,,Westlake Village,CA,"<br />
Monday: Closed<br />
Tuesday: 10 am - 8 pm<br />
Wednesday: 10 am - 8 pm<br />
Thursday: 10 am - 6 pm <br />
Friday: 10 am - 6 pm<br />
Saturday: 9 am - 5 pm<br />
Sunday: 1 pm to 5 pm <br />",818.865.9230,https://lacountylibrary.org/westlake-village-library/,,,70566,"<!-- wp:paragraph -->
<p></p>
<!-- /wp:paragraph -->

<p>Founded in 1912, LA County Library is one of the largest and most innovative library systems in the US. It offers free public resources including books, music, multimedia materials, computer and internet access, and educational and recreational services to 3.4 million residents across 3,000 square miles through its 87 libraries and mobile fleet of 18 vehicles, including 3 bookmobiles, 10 MākMō maker mobiles, and 5 Reading Machines. LA County Library is dedicated to reducing barriers and increasing access to and equity of public services for all. To learn more, visit <a href=""http://LACountyLibrary.org"" target=""_blank"" rel=""noopener noreferrer"" data-auth=""NotApplicable""> LACountyLibrary.org</a>.</p>",91361,http://egis3.lacounty.gov/lms/?p=70566,publish,34.14447547,-118.79909945,,2019/01/09 15:59:34+00,,6319882.78334288,1875918.84489539
-118.230530166741,34.1990053168912,63421,211,,Emergency Response,Cooling Center,,,City Of Glendale Community Services And Parks - Senior Programs - Sparr Heights Community Center,1613 Glencoe Way,,Glendale,CA," Monday through Tuesday, 8:00 am to 5:00 pm; Wednesday through Thursday, 8:00 am to 6:00 pm; Friday, 8:00 am to 3:00 pm"," Service/Intake (818) 548-2187, Senior Classes Service/Intake (818) 548-3775",http://www.glendaleca.gov/government/departments/community-services-parks/parks-facilities-historic-sites/sparr-heights-community-center,,,70656,"The center provides advocacy, health services, legal services, nutrition programs, recreational programs and services for older adults, age 60 and older, who live primarily in Glendale.",91208,http://egis3.lacounty.gov/lms/?p=70656,publish,34.19900535,-118.23053011,,2016/04/28 11:19:01+00,,6491962.50840847,1894882.10388482
-118.124851056463,34.0984818066102,63654,211,,Emergency Response,Cooling Center,,,City Of Alhambra Community Services Department - Joslyn Adult Center,210 N Chapel Ave,,Alhambra,CA,"Monday through Friday, 8:00am to 5:00pm. ","Senior Program/Clubs/Activities Service/Intake (626) 570-5056, Case Management Program Service/Intake (626) 570-3220, Para-Transit Reservations for Registered Patrons Service/Intake (626) 289-7433,  Service/Intake (626) 214-9465, Senior Nutrition - Lunch ",http://www.cityofalhambra.org,,,70783,"<span style=""color: #ffffff; font-family: Tahoma; font-size: small;""><em> </em></span><span style=""font-size: small;"">The Senior Division offers programs and activities for adults age 60+, including
recreation, social services, nutrition and transportation. A designated Focal Point
by the L.A. County Area Agency on Aging for the Southwest San Gabriel Valley
Community Services Area, the Center also serves as a central  access point for
</span><span style=""font-size: small;"">   information and services to assist senior citizens and their family members</span><strong><span style=""font-size: small;"">.</span></strong>",91801,http://egis3.lacounty.gov/lms/?p=70783,publish,34.09848184,-118.124851,,2016/04/26 14:02:58+00,,6523872.35403746,1858243.29724132
-118.459024235823,34.4164809758084,64883,211,,Emergency Response,Cooling Center,,,City Of Santa Clarita - Canyon Country Jo Anne Darcy Library,18601 Soledad Canyon Rd,,Santa Clarita,CA,"Monday through Thursday, 9:00am to 8:00pm; Friday, 10:00am to 6:00pm; Saturday, 10:00am to 5:00pm; Sunday, 1:00pm to 5:00pm. ",Service/Intake (661) 251-2720,www.santaclaritalibrary.com,,,71448,,91351,http://egis3.lacounty.gov/lms/?p=71448,publish,34.41648101,-118.45902418,,2016/05/02 09:31:44+00,,6423232.12520023,1974261.74466589
-118.530137415853,34.381698345714,64887,211,,Emergency Response,Cooling Center,,,City Of Santa Clarita - Old Town Newhall Library,22704 9Th St,,Newhall,CA,"Monday through Thursday, 9:00am to 8:00pm; Friday, 10:00am to 6:00pm; Saturday, 10:00am to 5:00pm; Sunday, 1:00pm to 5:00pm. ",Service/Intake (661) 259-0750,www.santaclaritalibrary.com,,,71449,,91321,http://egis3.lacounty.gov/lms/?p=71449,publish,34.38169838,-118.53013736,,2016/05/02 09:36:40+00,,6401718.35786039,1961709.3521198
-118.550938175869,34.415542226057,64891,211,,Emergency Response,Cooling Center,,,City Of Santa Clarita - Valencia Library,23743 Valencia Blvd,,Santa Clarita,CA,"Monday through Thursday, 10:00am to 9:00pm; Friday, 10:00am to 6:00pm; Saturday, 10:00am to 5:00pm; Sunday, 1:00pm to 5:00pm. ",Service/Intake (661) 259-8942,www.santaclaritalibrary.com,,,71450,,91355,http://egis3.lacounty.gov/lms/?p=71450,publish,34.41554226,-118.55093812,,2016/05/02 09:33:34+00,,6395509.96279688,1974059.38188164
-117.963418297132,34.0868460866549,64905,211,,Emergency Response,Cooling Center,, City of Baldwin Park,City Of Baldwin Park Department Of Recreation And Community Services - Julia McNeill Senior Center,4100 Baldwin Park Blvd,,Baldwin Park,CA," Monday through Thursday 7:00 am to 2:00 pm; Friday, 7:00 am to 12:00 pm.    (Cooling center hours Monday - Friday 7:00 am - 3:00 pm)"," Service/Intake (626) 813-5245 Ext.323,  FAX (626) 814-3590",https://www.baldwinpark.com/recreation/facilities/senior-center,,,71452,"Julia McNeill Senior Center at Morgan Park; The Baldwin Park Recreation and Community Services Department provides counseling services, emergency food, health services, personal goods, services for older adults, transportation and youth services for people who live in Baldwin Park including specialized services for senior citizens and for youth.",91706,http://egis3.lacounty.gov/lms/?p=71452,publish,34.08684612,-117.96341824,seniorcenter@baldwinpark.com,2016/04/27 13:20:10+00,,6572746.80418864,1853987.38350905
-118.010476676152,33.9052101675905,65014,211,,Emergency Response,Cooling Center,,,City Of La Mirada - Community Services Department - La Mirada Activity Center,13810 La Mirada Blvd,,La Mirada,CA,"Monday through Friday, 8:30 am to 6:00 pm",Service/Intake (562) 902-3160,www.cityoflamirada.org/,,,71547,"This city department provides cooling centers, information and referral, recreational programs, services for older adults and volunteer opportunities for people of all ages in La Mirada and throughout the county.",90638,http://egis3.lacounty.gov/lms/?p=71547,publish,33.9052102,-118.01047662,,2016/04/28 11:57:47+00,,6558491.25920898,1787884.4520669
-117.931367816568,34.106772776809,65707,211,,Emergency Response,Cooling Center,,,City Of Irwindale - Irwindale Senior Center,16116 Arrow Hwy,,Irwindale,CA,"Monday through Friday, 8:00 am to 4:00 pm. ",Service/Intake (626) 430-2283,www.ci.irwindale.ca.us,,,71884,This is the government office for the city of Irwindale.,91706,http://egis3.lacounty.gov/lms/?p=71884,publish,34.10677281,-117.93136776,,2016/04/28 11:42:03+00,,6582446.31562947,1861244.15803748
-117.96379405659,34.0871239671851,71371,LA County Department of Community and Senior Services,,Emergency Response,Cooling Center,, City of Baldwin Park,Esther Snyder Community Center,4100 Baldwin Park Boulevard,,Baldwin Park,CA," Mon - Thur 8 am - 8 pm; Fri 8 am - 6 pm", (626) 813-5245,https://www.baldwinpark.com/recreation/facilities/community-center,,,81059,Esther Snyder Community Center at Morgan Park,91706,http://egis3.lacounty.gov/lms/?p=81059,publish,34.087124,-117.963794,communitycenter@baldwinpark.com,2016/04/27 12:33:41+00,,6572632.99273647,1854088.46828064
-117.912917057194,34.1270629666741,71373,LA County Department of Community and Senior Services,,Emergency Response,Cooling Center,, City of Azusa,Memorial Park Recreation Center,320 N Orange Place,,Azusa,CA," Gymnasium hours:  Mon - Fri 3 pm - 6 pm  (summer 1 pm - 6 pm); Sat - Sun 12 pm - 4 pm", (626) 812-5280,http://www.ci.azusa.ca.us/281/Memorial-Park-Recreation-Center,,,81062,City of Azusa Memorial Park Recreation Center,91702,http://egis3.lacounty.gov/lms/?p=81062,publish,34.127063,-117.912917,,2016/04/27 12:57:46+00,,6588025.2329493,1868632.45822148
-117.733133057422,34.1155119672552,71375,LA County Department of Community and Senior Services,,Emergency Response,Cooling Center,, City of Claremont,Alexander Hughes Community Center,1700 Danbury Road,,Claremont,CA," Monday -Thursday 8:00 am to 9:00 pm; Friday 8:00 am to 6:00 pm; Saturday 8:00 am to 2:00 pm; Sunday Closed; Closed for Major Holidays", (909) 399-5490,http://www.ci.claremont.ca.us/Home/Components/FacilityDirectory/FacilityDirectory/78/1393,,,81068,Alexander Hughes Community Center at Lewis Park,91711,http://egis3.lacounty.gov/lms/?p=81068,publish,34.115512,-117.733133,,2016/04/27 15:20:47+00,,6642446.35868689,1864524.65049222
-118.222476896764,33.8987729068659,71379,LA County Department of Community and Senior Services,,Emergency Response,Cooling Center,, City of Compton,Douglas F. Dollarhide Community Center,301 N. Tamarind Avenue,,Compton,CA, Monday - Friday 8:00 am - 5:00 pm, (310) 605-5688,http://www.comptoncity.org/depts/parks/seniors/dollarhide.asp,,,81074,City of Compton Douglas F. Dollarhide Community Center,90220,http://egis3.lacounty.gov/lms/?p=81074,publish,33.89877294,-118.22247684,,2016/04/27 16:13:34+00,,6494155.83276197,1785616.32963465
-118.035313056482,34.0649509672102,71380,,,Emergency Response,Cooling Center,, City of El Monte,Jack Crippen Multipurpose Senior Center,3120 N Tyler Ave,,El Monte,CA," Cooling Center Hours:  Monday and Wednesday 7:30 am - 5:30 pm; Tuesday and Thursday 7:30 am - 7:30 pm; Friday 8:00 am - 2:00 pm; If local temperatures exceed 100 degrees then open Saturday - Sunday 10:00 am - 5:00 pm
"," (626) 580-2210
",http://www.ci.el-monte.ca.us/Government/ParksandRecreation/CommunitySeniorSrvs.aspx,,,81082,Cooling Center - City of El Monte Jack Crippen Multipurpose Senior Center,91731,http://egis3.lacounty.gov/lms/?p=81082,publish,34.064951,-118.035313,,2016/05/19 10:50:23+00,,6550975.21682639,1846019.1940649
-118.306675495725,33.8832392973663,71383,,,Emergency Response,Cooling Center,, City of Gardena,Kiyoto Ken Nakaoka Memorial Community Center,1670 W 162nd St,,Gardena,CA," Cooling Center Hours:  Monday - Friday 8:00 am - 9:00 pm; Saturday 8:00 am - 1:00 pm
"," (310) 217-9537
",http://www.ci.gardena.ca.us/Departments/Recreation/rechome.html,,,81086,City of Gardena Kiyoto Ken Nakaoka Memorial Community Center,90247,http://egis3.lacounty.gov/lms/?p=81086,publish,33.88323933,-118.30667544,,2016/04/28 09:51:48+00,,6468587.11257406,1780030.56160672
-117.900802477008,34.0097003873242,71385,LA County Department of Community and Senior Services,,Emergency Response,Cooling Center,,,Sunshine Park Community Center,515 S Deepmead Ave,,La Puente,CA," Cooling Center Hours:  Monday - Saturday 12:00 pm - 8:00 pm
"," (626) 854-5559
",http://parks.lacounty.gov/wps/portal/dpr/Parks/Sunshine_Park,,,81096,Los Angeles County Department of Parks and Recreation Sunshine Park Community Center,91744,http://egis3.lacounty.gov/lms/?p=81096,publish,34.00970042,-117.90080242,,2016/04/28 12:32:12+00,,6591733.75538789,1825925.37565681
-117.972907837387,34.5732766458855,71387,LA County Department of Community and Senior Services,,Emergency Response,Cooling Center,,Los Angeles County Department of Parks and Recreation,Jackie Robinson Park,8773 E Avenue R,,Littlerock,CA," Park Hours:  Sunrise to Sunset;  Cooling Center Hours:  Monday - Friday 9:00 am - 9:00 pm, Saturday 8:00 am - 5:00 pm
",(661) 944-2880,http://parks.lacounty.gov/wps/portal/dpr/Parks/Jackie_Robinson_Park,,,81102,Los Angeles County Department of Parks and Recreation Jackie Robinson Park in Littlerock,93543,http://egis3.lacounty.gov/lms/?p=81102,publish,34.57327668,-117.97290778,,2017/04/11 12:39:54+00,,6569825.77459763,2031008.24600206
-118.242511026636,33.9684181771738,71389,,,Emergency Response,Cooling Center,,Los Angeles County Parks and Recreation Department,Roosevelt Park Senior Center,7600 Graham Ave,,Los Angeles,CA,Monday through Friday 8:00 am to 3:00 pm,(323) 586-7228,http://parks.lacounty.gov/wps/portal/dpr/Parks/Franklin_D_Roosevelt_Park,,,81112,Los Angeles County Parks and Recreation Department Franklin D. Roosevelt Park Senior Center,90001,http://egis3.lacounty.gov/lms/?p=81112,publish,33.96841821,-118.24251097,,2016/04/28 15:39:07+00,,6488137.28410356,1810975.78613348
-118.190462316437,34.0234750973373,71391,LA County Department of Community and Senior Services,,Emergency Response,Cooling Center,,Los Angeles County Department of Parks and Recreation,Joseph Vasquez Senior Citizens Center,3864 Whittier Boulevard,,Los Angeles,CA,Monday through Friday 7:30 am to 3:30 pm,(323) 260-2330,http://parks.lacounty.gov/wps/portal/dpr/Parks/Ruben_F_Salazar_Park,,,81115,Los Angeles County Department of Parks and Recreation Joseph Vasquez Senior Center at Ruben Salazar Park,90023,http://egis3.lacounty.gov/lms/?p=81115,publish,34.02347513,-118.19046226,,2016/04/28 15:22:12+00,,6503957.1943928,1830978.10931773
-118.312677026049,34.1032612167399,71393,LA County Department of Community and Senior Services,,Emergency Response,Cooling Center,,St. Barnabas Senior Services,St. Barnabas Senior Services' Hollywood Senior Multipurpose Center,1745 N Gramercy Pl,,Los Angeles,CA,"Monday through Friday 8:30 am - 4:30 pm
",(323) 957-2222,,,,81118,St. Barnabas Senior Services' Hollywood Senior Multipurpose Center at Bethany Towers Retirement Community,90028,http://egis3.lacounty.gov/lms/?p=81118,publish,34.10326125,-118.31267697,,2016/04/28 15:38:17+00,,6467014.58291072,1860106.35946006
-118.24375189653,33.9588734571312,71395,LA County Department of Community and Senior Services,,Emergency Response,Cooling Center,,Los Angeles County Department of Parks and Recreation,Colonel Leon H. Washington Park Gymnasium and Community Center,8908 S. Maie Avenue,,Los Angeles,CA,Cooling Center Hours:  Monday - Friday 10:00 am - 8:00 pm,(323) 586-7205,http://parks.lacounty.gov/wps/portal/dpr/Parks/Colonel_Leon_H_Washington_Park,,,81122,Los Angeles County Department of Parks and Recreation Colonel Leon H. Washington Park Gymnasium and Community Center,90002,http://egis3.lacounty.gov/lms/?p=81122,publish,33.95887349,-118.24375184,,2016/04/28 16:09:31+00,,6487752.61098839,1807503.17824931
-118.116073667468,34.5791651162157,71397,LA County Department of Community and Senior Services,,Emergency Response,Cooling Center,,,Palmdale City Library,700 East Palmdale Blvd.,,Palmdale,CA,"Monday - Thursday 10:00 am - 8:00 pm; Friday - Saturday 10:00 am - 5:00 pm; Sunday 1:00 pm - 5:00 pm",(661) 267-5600,http://www.cityofpalmdale.org/Library,,,81145,,93550,http://egis3.lacounty.gov/lms/?p=81145,publish,34.57916515,-118.11607361,pcl@cityofpalmdale.org,2016/05/02 09:50:45+00,,6526731.65540548,2033170.28203231
-118.094455056269,34.0434053373326,71400,LA County Department of Community and Senior Services,,Emergency Response,Cooling Center,,Los Angeles County Community and Senior Services,Potrero Heights Park Community and Senior Center,8051 Arroyo Drive,,Montebello,CA,Monday - Friday 8:00 am - 5:00 pm,(626) 927-5430,http://css.lacounty.gov/service-locations/potrero-heights-park-community-and-senior-center/,,,81147,Los Angeles County Community and Senior Services Potrero Heights Park Community and Senior Center,90640,http://egis3.lacounty.gov/lms/?p=81147,publish,34.04340537,-118.094455,,2016/05/02 10:03:55+00,,6533055.74413522,1838189.88590464
-117.742195187134,34.0907884875729,71403,LA County Department of Community and Senior Services,,Emergency Response,Cooling Center,,City of Pomona,Palomares Park Community Center,499 East Arrow Highway,,Pomona,CA,Monday - Friday 10:00 am - 5:00 pm,(909) 620-2324,http://www.ci.pomona.ca.us/index.php/residents/living/parks-recreation,,,81154,City of Pomona Palomares Park Community Center,91769,http://egis3.lacounty.gov/lms/?p=81154,publish,34.09078852,-117.74219513,,2016/05/02 11:26:56+00,,6639726.49142322,1855520.18457732
-117.913333536775,33.9666644572663,71405,LA County Department of Community and Senior Services,,Emergency Response,Cooling Center,,Los Angeles County Department of Parks and Recreation,Pathfinder Community Regional Park Community Center,18150 E. Pathfinder Road,,Rowland Heights,CA,Tuesday - Sunday 12:00 pm - 6:00 pm,(562) 690-0933,http://parks.lacounty.gov/wps/portal/dpr/Parks/Pathfinder_Community_Regional_Park,,,81162,Los Angeles County Department of Parks and Recreation Pathfinder Community Regional Park Community Center,91748,http://egis3.lacounty.gov/lms/?p=81162,publish,33.96666449,-117.91333348,,2016/05/02 12:06:24+00,,6587949.52115847,1810260.19996622
-118.434209136532,34.2810813465228,71407,LA County Department of Community and Senior Services,,Emergency Response,Cooling Center,,City of San Fernando,City of San Fernando - Recreation Park Recreation Center,208 Park Avenue,,San Fernando,CA,Monday - Friday 9:00 am - 6:00 pm,(818) 898-1290,http://www.sfrcs.com/park-facilities/recreation-park/,,,81165,,91340,http://egis3.lacounty.gov/lms/?p=81165,publish,34.28108138,-118.43420908,,2016/05/02 12:33:22+00,,6430503.27109097,1924954.42694214
-118.002712786713,33.9373029371277,71410,LA County Department of Community and Senior Services,,Emergency Response,Cooling Center,,City of Whittier,City of Whittier - Parnell Park Community and Senior Center,15390 Lambert Road,,Whittier,CA,"Monday - Friday 8:00 am to 9:00 pm; Saturday 8:00 am to 4:00 pm",(562) 567-9450,http://www.cityofwhittier.org,,,81183,,90604,http://egis3.lacounty.gov/lms/?p=81183,publish,33.93730297,-118.00271273,,2016/05/02 14:25:14+00,,6560847.48317106,1799563.58454847
-118.353457205915,33.8981264273235,71412,LA County Department of Community and Senior Services,,Emergency Response,Cooling Center,,City of Lawndale,Harold E. Hofmann Lawndale Community Center,14700 Burin Avenue,,Lawndale,CA,"Cooling Center Hours:  Monday - Thursday 7:00 am - 8:00 pm; Friday 7:00 am - 4:00 pm; Saturday 10:00 am - 2:00 pm",(310) 973-3270,,,,81216,,90260,http://egis3.lacounty.gov/lms/?p=81216,publish,33.89812646,-118.35345715,,2016/05/19 11:15:53+00,,6454406.86698447,1785494.93322389
